{"train_accuracy": 0.9813730120658875, "train_loss": 8.829270518617705e-05, "_timestamp": 1662443242.7368836, "_runtime": 32.54993152618408, "_step": 0}